name,email,date_of_birth,mobile_no,above_18,first_name,last_name,membership_id
Patty Smith,Patty_Smith@ross.com,19750827,59428759,True,Patty,Smith,Smith_c7677
Sean Wang,Sean_Wang@gibson-calderon.com,19600311,25595367,True,Sean,Wang,Wang_04168
Richard Estrada,Richard_Estrada@malone.com,19921015,22821527,True,Richard,Estrada,Estrada_0bf5b
Jackson Cline,Jackson_Cline@hudson.net,19710121,48056519,True,Jackson,Cline,Cline_825fb
Allen Williams,Allen_Williams@sanchez.net,19971109,77991519,True,Allen,Williams,Williams_3e726
Eric Flores,Eric_Flores@dillon-patterson.com,19820701,36641663,True,Eric,Flores,Flores_8a42c
Anna Richardson,Anna_Richardson@perry.com,19670223,64083047,True,Anna,Richardson,Richardson_ef158
Taylor Gomez,Taylor_Gomez@johnston.com,19821022,24007567,True,Taylor,Gomez,Gomez_876bf
Jeremy Rodriguez,Jeremy_Rodriguez@roth.com,19780828,32567967,True,Jeremy,Rodriguez,Rodriguez_93ac7
April Garcia,April_Garcia@hall.com,19871231,24650447,True,April,Garcia,Garcia_26b55
Sharon Garza,Sharon_Garza@duran.com,20020830,59411567,True,Sharon,Garza,Garza_40199
Lori Sanchez,Lori_Sanchez@hardin-warner.net,19980420,76989167,True,Lori,Sanchez,Sanchez_364a7
Jason Armstrong,Jason_Armstrong@curtis.com,19921116,68514503,True,Jason,Armstrong,Armstrong_e2fb8
Jessica Allison,Jessica_Allison@harper.com,19721030,66821135,True,Jessica,Allison,Allison_0c21b
Arthur Hall,Arthur_Hall@gonzalez.com,19941103,65493407,True,Arthur,Hall,Hall_b302a
Sherry Meza,Sherry_Meza@west.com,19970904,33491119,True,Sherry,Meza,Meza_af7be
Matthew Turner,Matthew_Turner@martinez.com,19940707,73291455,True,Matthew,Turner,Turner_0303a
Sophia Randolph,Sophia_Randolph@leonard-ramirez.com,19500807,94510479,True,Sophia,Randolph,Randolph_76c7a
Samuel Thompson,Samuel_Thompson@sanchez-carroll.com,19840403,99063183,True,Samuel,Thompson,Thompson_16040
Zachary Lee,Zachary_Lee@smith.com,19870704,36447751,True,Zachary,Lee,Lee_76cce
Kara Pittman,Kara_Pittman@gomez-vaughn.com,19680525,80502567,True,Kara,Pittman,Pittman_44c4d
Gabriella Anthony,Gabriella_Anthony@castro.com,19970106,89108943,True,Gabriella,Anthony,Anthony_ebd30
Misty Cantrell,Misty_Cantrell@flores-decker.com,19570303,79619831,True,Misty,Cantrell,Cantrell_b19eb
Kelly Guerrero,Kelly_Guerrero@riggs.com,19970203,53052583,True,Kelly,Guerrero,Guerrero_d55cb
David Nichols,David_Nichols@rocha.com,19620819,62269575,True,David,Nichols,Nichols_9226a
Shawn Galloway,Shawn_Galloway@johnston.com,19850419,17471367,True,Shawn,Galloway,Galloway_1a4d2
Dennis Sanford,Dennis_Sanford@lopez-archer.com,19800806,88084407,True,Dennis,Sanford,Sanford_c7e24
Amanda Murphy,Amanda_Murphy@bright-gibbs.net,20000730,30501351,True,Amanda,Murphy,Murphy_0851c
Bobby Martin,Bobby_Martin@jackson.com,20000331,43871143,True,Bobby,Martin,Martin_35f44
Vernon Bishop,Vernon_Bishop@clark-larson.com,19730710,78396487,True,Vernon,Bishop,Bishop_b0506
Phillip Meyers,Phillip_Meyers@mcneil-williams.com,19601022,95409119,True,Phillip,Meyers,Meyers_2871d
Robert Martin,Robert_Martin@crawford.com,19500718,78547615,True,Robert,Martin,Martin_6f48d
William Taylor,William_Taylor@warner-morgan.net,19860131,42996791,True,William,Taylor,Taylor_4fbc5
Michael Brady,Michael_Brady@wells-sanders.com,19500323,65342263,True,Michael,Brady,Brady_bd431
James Rhodes,James_Rhodes@green.com,19771010,27465295,True,James,Rhodes,Rhodes_df266
Ryan Ramirez,Ryan_Ramirez@pham.com,19850425,67907071,True,Ryan,Ramirez,Ramirez_5ff32
Stephen Thompson,Stephen_Thompson@hess.com,19511112,75033031,True,Stephen,Thompson,Thompson_52cd0
Susan Williams,Susan_Williams@rowland.com,19760512,95688383,True,Susan,Williams,Williams_446e0
Dylan Johnson,Dylan_Johnson@montgomery.com,19960107,52048815,True,Dylan,Johnson,Johnson_d53b7
Pamela King,Pamela_King@soto.net,19930929,72515095,True,Pamela,King,King_01148
Robert Smith,Robert_Smith@joyce.com,19870424,76366335,True,Robert,Smith,Smith_634dd
Samantha Gonzalez,Samantha_Gonzalez@rios-fletcher.com,19980829,40456647,True,Samantha,Gonzalez,Gonzalez_31e9a
Jeffery Walker,Jeffery_Walker@watson.com,19560624,46574799,True,Jeffery,Walker,Walker_ba5b7
Todd Alvarez,Todd_Alvarez@vaughn.com,19741125,42011263,True,Todd,Alvarez,Alvarez_7bc5d
Brett Willis,Brett_Willis@gibbs.com,19610908,86342007,True,Brett,Willis,Willis_d0046
Kristin Wilkins,Kristin_Wilkins@harvey.com,20020511,84393855,True,Kristin,Wilkins,Wilkins_48a0a
Joshua Lynch,Joshua_Lynch@daniels.com,19650526,71572839,True,Joshua,Lynch,Lynch_49515
Deborah Williams,Deborah_Williams@howard.com,19841121,11357647,True,Deborah,Williams,Williams_e69d3
Timothy Martin,Timothy_Martin@camacho-sparks.net,20030105,92008191,True,Timothy,Martin,Martin_0575d
Sarah Bright,Sarah_Bright@winters.com,19981115,24327743,True,Sarah,Bright,Bright_776f9
Rebecca Anderson,Rebecca_Anderson@carter-ramirez.com,19730827,27023231,True,Rebecca,Anderson,Anderson_48071
Roger Frost,Roger_Frost@cole-robinson.com,19700217,94120431,True,Roger,Frost,Frost_5ba4a
Eric Dunn,Eric_Dunn@reese.com,19600712,13714207,True,Eric,Dunn,Dunn_ae8e6
Heather Pierce,Heather_Pierce@williams-edwards.com,19570813,32413999,True,Heather,Pierce,Pierce_1096d
Jordan Erickson,Jordan_Erickson@martinez.com,19750802,64756655,True,Jordan,Erickson,Erickson_6b984
Susan Ali,Susan_Ali@leach.com,19990105,74229143,True,Susan,Ali,Ali_f361f
Richard Wilson,Richard_Wilson@hernandez.com,19990703,36349175,True,Richard,Wilson,Wilson_f0626
Jon Butler,Jon_Butler@blackwell.com,19870318,78121695,True,Jon,Butler,Butler_a60e8
Paul Phillips,Paul_Phillips@vance.com,19970216,11213063,True,Paul,Phillips,Phillips_01acd
Adam Parker,Adam_Parker@yoder.com,19980722,27783391,True,Adam,Parker,Parker_5ebc0
Cory Walker,Cory_Walker@torres.net,19621208,37614935,True,Cory,Walker,Walker_a21be
Jeffrey Sanchez,Jeffrey_Sanchez@jones-butler.com,19950914,73226919,True,Jeffrey,Sanchez,Sanchez_cf3c9
Bianca Martin,Bianca_Martin@mitchell.com,19780205,86924127,True,Bianca,Martin,Martin_7bf56
Jeffrey King,Jeffrey_King@hicks-boyd.com,19770623,68622991,True,Jeffrey,King,King_2f8a4
Melanie Wiggins,Melanie_Wiggins@mcdonald-rice.com,20000214,91699615,True,Melanie,Wiggins,Wiggins_c46e0
Daniel Smith,Daniel_Smith@cummings.com,19860308,26613823,True,Daniel,Smith,Smith_e0b77
Scott Lawrence,Scott_Lawrence@aguilar.com,19760104,59217375,True,Scott,Lawrence,Lawrence_fbccd
James Sosa,James_Sosa@robles-hawkins.com,19571108,47053447,True,James,Sosa,Sosa_8de3e
Jamie Jackson,Jamie_Jackson@carr.com,19770526,71512687,True,Jamie,Jackson,Jackson_b5943
Jeffrey Hatfield,Jeffrey_Hatfield@morgan-erickson.com,19701014,69441735,True,Jeffrey,Hatfield,Hatfield_bf691
James Phillips,James_Phillips@green-taylor.com,19611019,89808183,True,James,Phillips,Phillips_c68d2
Jessica Moore,Jessica_Moore@harrison-bautista.com,19990509,27155335,True,Jessica,Moore,Moore_6e3b7
Richard Anderson,Richard_Anderson@peck-franklin.com,19700405,24730327,True,Richard,Anderson,Anderson_6c12a
Lauren Hahn,Lauren_Hahn@simmons.com,19720620,15132727,True,Lauren,Hahn,Hahn_38908
Faith Edwards,Faith_Edwards@price.net,19770726,44653063,True,Faith,Edwards,Edwards_96edd
Laura Vargas,Laura_Vargas@gallagher-young.com,19771009,40816943,True,Laura,Vargas,Vargas_0365e
Sarah Lewis,Sarah_Lewis@wyatt.com,19810225,37945839,True,Sarah,Lewis,Lewis_f236b
Brad Huff,Brad_Huff@moore.com,19611227,28207575,True,Brad,Huff,Huff_88806
Alexander Richardson,Alexander_Richardson@perez.com,19581025,34675335,True,Alexander,Richardson,Richardson_e102e
Matthew Moore,Matthew_Moore@nichols.com,20030707,66391671,True,Matthew,Moore,Moore_4788f
Joseph Howard,Joseph_Howard@williams.com,19520726,46746383,True,Joseph,Howard,Howard_99bdb
Anne Richards,Anne_Richards@mccarthy.com,19690906,84963423,True,Anne,Richards,Richards_9e514
Derek Thomas,Derek_Thomas@green.com,19640724,37329863,True,Derek,Thomas,Thomas_a6b2a
Joseph Bonilla,Joseph_Bonilla@freeman.com,19740508,66912183,True,Joseph,Bonilla,Bonilla_07c60
Gary Barber,Gary_Barber@roberts.net,19551112,44790343,True,Gary,Barber,Barber_8e448
Brian Johnson,Brian_Johnson@carr.com,19810617,76631695,True,Brian,Johnson,Johnson_01409
Christine Peterson,Christine_Peterson@hamilton.com,19741119,57627175,True,Christine,Peterson,Peterson_d3043
Christopher Bautista,Christopher_Bautista@rodgers.com,19941202,48834663,True,Christopher,Bautista,Bautista_f2b74
Barbara Krueger,Barbara_Krueger@strong.com,19520322,30905343,True,Barbara,Krueger,Krueger_f41b0
Monica Oconnor,Monica_Oconnor@gordon.com,19800701,97887295,True,Monica,Oconnor,Oconnor_efac7
Peggy Johnson,Peggy_Johnson@berg.com,19720328,34795631,True,Peggy,Johnson,Johnson_317e0
Susan Herrera,Susan_Herrera@gomez.com,19550826,24027735,True,Susan,Herrera,Herrera_2275e
Andrew Matthews,Andrew_Matthews@ramos-vaughn.com,19880219,90821359,True,Andrew,Matthews,Matthews_33105
Erin Kennedy,Erin_Kennedy@hendricks-mason.com,19650109,35865639,True,Erin,Kennedy,Kennedy_e1e07
Jason Lopez,Jason_Lopez@wood-hill.com,19740830,11287127,True,Jason,Lopez,Lopez_ad64b
Jerry Clark,Jerry_Clark@perez.com,19950928,46859655,True,Jerry,Clark,Clark_850e2
Alyssa Kim,Alyssa_Kim@beck-zuniga.com,19900811,59732335,True,Alyssa,Kim,Kim_bc531
Courtney Williams,Courtney_Williams@garner.com,19990919,27598999,True,Courtney,Williams,Williams_225d6
Matthew Nelson,Matthew_Nelson@hunt.com,19580127,45515247,True,Matthew,Nelson,Nelson_49b51
Robert Moore,Robert_Moore@young.com,19550415,19512199,True,Robert,Moore,Moore_bd6b1
Nicole Mcgee,Nicole_Mcgee@reyes.com,19590303,34539135,True,Nicole,Mcgee,Mcgee_84007
Danielle Hunter,Danielle_Hunter@ballard.com,19710811,99947039,True,Danielle,Hunter,Hunter_c76d0
Kelly Perez,Kelly_Perez@ward-wilson.com,19600519,60614735,True,Kelly,Perez,Perez_016c7
Mary Odom,Mary_Odom@morgan-reynolds.com,19630813,98738367,True,Mary,Odom,Odom_e8796
Arthur Gibson,Arthur_Gibson@thompson-thompson.com,19610603,75411807,True,Arthur,Gibson,Gibson_a7c50
Christopher Miller,Christopher_Miller@kelly.com,19850131,16222031,True,Christopher,Miller,Miller_5a80b
Amber Hopkins,Amber_Hopkins@hall.com,19750831,15289039,True,Amber,Hopkins,Hopkins_7c2f6
Nancy Garcia,Nancy_Garcia@lewis-hayden.com,19680305,62971303,True,Nancy,Garcia,Garcia_76b84
Alex Rhodes,Alex_Rhodes@russell.net,19780913,75808519,True,Alex,Rhodes,Rhodes_a5121
Daniel Bennett,Daniel_Bennett@stephens-oneill.com,19730228,20776023,True,Daniel,Bennett,Bennett_1ed65
Kevin Woodard,Kevin_Woodard@lynch.com,19550809,30319911,True,Kevin,Woodard,Woodard_0dee6
Alan Peterson,Alan_Peterson@burch.com,19760129,88993663,True,Alan,Peterson,Peterson_9e709
Jacob Grant,Jacob_Grant@cummings.com,19911204,94196575,True,Jacob,Grant,Grant_46694
Gabrielle Johnson,Gabrielle_Johnson@serrano.com,19581006,35424207,True,Gabrielle,Johnson,Johnson_fcba1
Caleb Morales,Caleb_Morales@collins.com,19660329,69459679,True,Caleb,Morales,Morales_0598c
James Dominguez,James_Dominguez@black.com,19881205,49527207,True,James,Dominguez,Dominguez_e2663
Kathryn Cardenas,Kathryn_Cardenas@skinner.com,19830508,81016239,True,Kathryn,Cardenas,Cardenas_35ae4
Jeffrey Santiago,Jeffrey_Santiago@duncan.com,19750228,93827623,True,Jeffrey,Santiago,Santiago_5cbec
Andrew Mclaughlin,Andrew_Mclaughlin@fitzpatrick-lucas.com,19730514,66417719,True,Andrew,Mclaughlin,Mclaughlin_b2423
Bryan Porter,Bryan_Porter@elliott.com,19570214,88089671,True,Bryan,Porter,Porter_e9e42
Brendan Smith,Brendan_Smith@williams.com,19580516,67839775,True,Brendan,Smith,Smith_750a9
Jeffrey Hernandez,Jeffrey_Hernandez@mcdaniel.com,19891231,76263607,True,Jeffrey,Hernandez,Hernandez_f3251
Michael Miller,Michael_Miller@taylor-moore.com,19640520,17581687,True,Michael,Miller,Miller_375ad
Theresa Newman,Theresa_Newman@perry-scott.com,19941129,36575799,True,Theresa,Newman,Newman_069d1
Paul Romero,Paul_Romero@middleton-jones.com,19601007,98843943,True,Paul,Romero,Romero_7ffde
Janet Choi,Janet_Choi@neal.com,19860718,66675695,True,Janet,Choi,Choi_e37de
Mark Bender,Mark_Bender@oneal-wilkins.com,19690911,27354911,True,Mark,Bender,Bender_b8ade
Abigail Brown,Abigail_Brown@jones-underwood.com,19801008,15726143,True,Abigail,Brown,Brown_b08b0
Antonio Dominguez,Antonio_Dominguez@nichols.com,19801115,75861007,True,Antonio,Dominguez,Dominguez_821d7
Tony Morris,Tony_Morris@davis.com,19700805,33280551,True,Tony,Morris,Morris_1057d
Randy Carlson,Randy_Carlson@rivera.com,19550530,51211679,True,Randy,Carlson,Carlson_d8db2
Mitchell Pierce,Mitchell_Pierce@houston-conway.net,20010824,96845551,True,Mitchell,Pierce,Pierce_7e42c
Angela West,Angela_West@anderson-fitzgerald.com,19810427,59397207,True,Angela,West,West_0afba
Kevin Peters,Kevin_Peters@edwards.com,19670206,28855487,True,Kevin,Peters,Peters_c9aea
Benjamin Conway,Benjamin_Conway@burton-paul.com,19551228,23338319,True,Benjamin,Conway,Conway_b14b9
Andrew Stewart,Andrew_Stewart@wong.com,19510212,19799879,True,Andrew,Stewart,Stewart_5a9fe
Brenda Jones,Brenda_Jones@lang.com,19550804,62608823,True,Brenda,Jones,Jones_e27fe
Elizabeth Bailey,Elizabeth_Bailey@stephenson-arnold.com,19630101,20218071,True,Elizabeth,Bailey,Bailey_5c8a5
Kelly Levy,Kelly_Levy@barajas.com,19940508,74468255,True,Kelly,Levy,Levy_b4299
Thomas Burton,Thomas_Burton@dunn-avery.net,19750419,14613071,True,Thomas,Burton,Burton_e624b
Paul Peterson,Paul_Peterson@bullock.com,20021225,59148863,True,Paul,Peterson,Peterson_c41f4
Michael Reilly,Michael_Reilly@cooper.net,19720514,33876967,True,Michael,Reilly,Reilly_1c829
Alejandra Martinez,Alejandra_Martinez@jones.com,19791221,87381327,True,Alejandra,Martinez,Martinez_d6f6b
Timothy Sanders,Timothy_Sanders@harrell.com,19521003,63453583,True,Timothy,Sanders,Sanders_e813f
Latoya Little,Latoya_Little@martinez.com,19780807,43404335,True,Latoya,Little,Little_c16bd
Sarah Harvey,Sarah_Harvey@martin-smith.com,19600331,58520471,True,Sarah,Harvey,Harvey_119d2
Melissa Ortiz,Melissa_Ortiz@lee-malone.com,19580729,49637727,True,Melissa,Ortiz,Ortiz_84be0
Brooke Hernandez,Brooke_Hernandez@benitez.com,19911114,97309975,True,Brooke,Hernandez,Hernandez_bcb5b
Lisa Livingston,Lisa_Livingston@glover.com,19500423,20519415,True,Lisa,Livingston,Livingston_19295
Eugene Mason,Eugene_Mason@gardner.com,19781213,47810855,True,Eugene,Mason,Mason_6bc9b
Daniel Cunningham,Daniel_Cunningham@cooper.com,19730326,78657983,True,Daniel,Cunningham,Cunningham_12799
Alex Smith,Alex_Smith@johnson.com,20020503,58965703,True,Alex,Smith,Smith_894dd
Jessica Vargas,Jessica_Vargas@miller-price.net,19810517,48925903,True,Jessica,Vargas,Vargas_ed53f
Olivia Clark,Olivia_Clark@wade-roberson.com,19741001,67793735,True,Olivia,Clark,Clark_92a9e
Cathy Carney,Cathy_Carney@williams.net,19970522,31104151,True,Cathy,Carney,Carney_0d73a
Haley Baldwin,Haley_Baldwin@bush-wolfe.com,19650413,31940631,True,Haley,Baldwin,Baldwin_b3439
Alexander Wilson,Alexander_Wilson@barron-garcia.com,19881111,13893319,True,Alexander,Wilson,Wilson_51998
April Cole,April_Cole@vargas.com,19610622,65186503,True,April,Cole,Cole_2b0a2
Holly Riley,Holly_Riley@stokes.com,19740728,55620431,True,Holly,Riley,Riley_3e1f8
Jeffrey Poole,Jeffrey_Poole@cross.com,19570204,82077439,True,Jeffrey,Poole,Poole_23f28
Rachel Poole,Rachel_Poole@jones.net,19760708,35095087,True,Rachel,Poole,Poole_c5b79
Sheena Ward,Sheena_Ward@wilson-mcbride.com,19730926,96834175,True,Sheena,Ward,Ward_57d0c
Cynthia Smith,Cynthia_Smith@smith.com,19510905,48760255,True,Cynthia,Smith,Smith_9f8dc
Kevin Clayton,Kevin_Clayton@miller.com,19750708,25081071,True,Kevin,Clayton,Clayton_7f5be
Sarah Coleman,Sarah_Coleman@novak.com,19500119,37411775,True,Sarah,Coleman,Coleman_db259
Cody Becker,Cody_Becker@hansen.com,19601216,76003567,True,Cody,Becker,Becker_dd317
Molly Miller,Molly_Miller@king-kelly.net,19771105,99947663,True,Molly,Miller,Miller_4ae09
Craig Bailey,Craig_Bailey@hancock-brown.com,19970713,33032303,True,Craig,Bailey,Bailey_fac5d
Patricia Gray,Patricia_Gray@dawson.com,19660319,18281751,True,Patricia,Gray,Gray_00c0a
Robert Rivera,Robert_Rivera@gibson.com,19500722,35020847,True,Robert,Rivera,Rivera_6a7ce
Michelle Lewis,Michelle_Lewis@wiggins-thornton.com,19830121,64700455,True,Michelle,Lewis,Lewis_afe1c
John Owens,John_Owens@callahan.com,19670424,71230983,True,John,Owens,Owens_4cd37
Sarah Smith,Sarah_Smith@kirk.com,19680804,22702359,True,Sarah,Smith,Smith_313dd
Nancy Lucas,Nancy_Lucas@aguilar.com,19830706,91477863,True,Nancy,Lucas,Lucas_94653
Christina Murray,Christina_Murray@collins-day.com,19791217,35027583,True,Christina,Murray,Murray_a46c7
Emma Berry,Emma_Berry@charles.com,19940107,34612959,True,Emma,Berry,Berry_c02ad
Christopher Gross,Christopher_Gross@grimes.net,20031114,49217831,True,Christopher,Gross,Gross_2742d
Jason Hawkins,Jason_Hawkins@adams-hunter.com,19541001,31750255,True,Jason,Hawkins,Hawkins_8aa4f
Jeffrey Rodriguez,Jeffrey_Rodriguez@johnson-white.com,19690718,29947599,True,Jeffrey,Rodriguez,Rodriguez_84bf3
Christina Miller,Christina_Miller@marshall-lucas.com,19530425,92153503,True,Christina,Miller,Miller_84bb3
Maria Miller,Maria_Miller@roberts.com,19941221,86317751,True,Maria,Miller,Miller_208dd
Eileen Davis,Eileen_Davis@knox.com,19520404,19544735,True,Eileen,Davis,Davis_3a81f
Harry Miller,Harry_Miller@warner-jackson.com,19890613,63478047,True,Harry,Miller,Miller_4e2a7
Ellen Montes,Ellen_Montes@sellers.com,19610714,16519759,True,Ellen,Montes,Montes_29eaa
Gregory Mclean,Gregory_Mclean@valencia.com,19610801,38860951,True,Gregory,Mclean,Mclean_3b78d
Angela Spencer,Angela_Spencer@lopez.com,19980502,18410783,True,Angela,Spencer,Spencer_071ed
Christina Price,Christina_Price@kennedy-tran.com,19860508,65381695,True,Christina,Price,Price_fb35b
Amber Randall,Amber_Randall@boyd-freeman.net,19520910,60506343,True,Amber,Randall,Randall_fe7f8
Matthew Morris,Matthew_Morris@boyle-novak.com,19981111,49822607,True,Matthew,Morris,Morris_f9657
Cindy Blackburn,Cindy_Blackburn@bolton.net,20001008,86098071,True,Cindy,Blackburn,Blackburn_0c5fb
Matthew Jacobson,Matthew_Jacobson@bishop-thomas.com,19510412,99110191,True,Matthew,Jacobson,Jacobson_496c2
Stacy Jones,Stacy_Jones@perez.com,19940909,71998399,True,Stacy,Jones,Jones_c6f5d
Scott Zimmerman,Scott_Zimmerman@fischer.com,19560130,70071511,True,Scott,Zimmerman,Zimmerman_881d6
Dakota Silva,Dakota_Silva@barker-miller.com,19790710,41853599,True,Dakota,Silva,Silva_fff90
Jacob Spencer,Jacob_Spencer@jefferson.net,19620226,41992359,True,Jacob,Spencer,Spencer_d5b01
Matthew Oliver,Matthew_Oliver@mitchell.com,19720423,14016935,True,Matthew,Oliver,Oliver_94edc
Roger Maddox,Roger_Maddox@richards.com,19810426,86988519,True,Roger,Maddox,Maddox_6974f
Bryan Gutierrez,Bryan_Gutierrez@short-huerta.net,19881118,84795039,True,Bryan,Gutierrez,Gutierrez_c61e8
Peter Schultz,Peter_Schultz@shah.com,19570829,78301895,True,Peter,Schultz,Schultz_5fff4
Justin Burke,Justin_Burke@johnson.com,19960212,43401655,True,Justin,Burke,Burke_a32e6
Sarah Ramsey,Sarah_Ramsey@hayes.com,19640622,63376279,True,Sarah,Ramsey,Ramsey_4c3e8
Michael Chang,Michael_Chang@watkins.com,19900209,99632783,True,Michael,Chang,Chang_e27c8
Pamela Hughes,Pamela_Hughes@rivas-garza.com,19570116,32117783,True,Pamela,Hughes,Hughes_bf91b
Jimmy Morris,Jimmy_Morris@hall-watkins.com,19640120,31836895,True,Jimmy,Morris,Morris_25892
Lauren Romero,Lauren_Romero@davis.com,20020425,50100783,True,Lauren,Romero,Romero_e5750
Adam Jones,Adam_Jones@kline-reeves.com,19570107,83246639,True,Adam,Jones,Jones_2b07e
Matthew Murphy,Matthew_Murphy@graham.com,19600216,18189831,True,Matthew,Murphy,Murphy_5dc4e
Jessica Arroyo,Jessica_Arroyo@flores-evans.com,20021019,24971015,True,Jessica,Arroyo,Arroyo_a6982
Caleb Zuniga,Caleb_Zuniga@stone.net,19681028,36180711,True,Caleb,Zuniga,Zuniga_a2d94
Cheyenne Moreno,Cheyenne_Moreno@hampton.com,19600912,61341887,True,Cheyenne,Moreno,Moreno_8048c
Courtney Lopez,Courtney_Lopez@sanders.com,19710810,35323391,True,Courtney,Lopez,Lopez_93fe3
Kenneth Williamson,Kenneth_Williamson@perez.com,19540310,36169599,True,Kenneth,Williamson,Williamson_2b72a
Bruce Browning,Bruce_Browning@robertson-baldwin.com,19631113,22984503,True,Bruce,Browning,Browning_1f631
Shannon Gilbert,Shannon_Gilbert@brown-schaefer.com,19920613,34472903,True,Shannon,Gilbert,Gilbert_cba39
Amanda Brown,Amanda_Brown@williams.com,19541218,52400391,True,Amanda,Brown,Brown_cde99
Riley Gomez,Riley_Gomez@hoffman.com,19810211,20838807,True,Riley,Gomez,Gomez_010a6
Shelby Price,Shelby_Price@fuller.net,19860807,74350543,True,Shelby,Price,Price_e8f96
Scott Harris,Scott_Harris@mullins.com,19901214,36307567,True,Scott,Harris,Harris_fc222
Bonnie Franklin,Bonnie_Franklin@gillespie.com,19880714,22008807,True,Bonnie,Franklin,Franklin_f8d94
Ashley Morris,Ashley_Morris@marshall.net,20021001,13085855,True,Ashley,Morris,Morris_73a97
Jack Jensen,Jack_Jensen@kent-williamson.net,19601229,93571087,True,Jack,Jensen,Jensen_676e2
Daniel Armstrong,Daniel_Armstrong@brown.com,19820714,18991247,True,Daniel,Armstrong,Armstrong_f79a4
Susan Donovan,Susan_Donovan@jordan-anderson.com,19690130,85222335,True,Susan,Donovan,Donovan_6c619
Michael Powell,Michael_Powell@mccall.com,19941127,63894311,True,Michael,Powell,Powell_4f74d
Alexander Lowe,Alexander_Lowe@morris.com,19610508,93074023,True,Alexander,Lowe,Lowe_73be1
Aaron Wilson,Aaron_Wilson@burke-benton.net,19870517,75053391,True,Aaron,Wilson,Wilson_6845c
Samuel Lee,Samuel_Lee@gardner-rodriguez.net,19740902,57636831,True,Samuel,Lee,Lee_d3d5c
Jennifer Weaver,Jennifer_Weaver@patterson.com,19781015,74152151,True,Jennifer,Weaver,Weaver_feb81
Leonard Hamilton,Leonard_Hamilton@brown.com,19880229,76082775,True,Leonard,Hamilton,Hamilton_f2276
Kathy Phillips,Kathy_Phillips@floyd.com,19841216,57829247,True,Kathy,Phillips,Phillips_608c9
Jennifer Jimenez,Jennifer_Jimenez@morgan.com,19921121,59592559,True,Jennifer,Jimenez,Jimenez_5ed59
Victoria Lawson,Victoria_Lawson@snyder.com,19540412,24045823,True,Victoria,Lawson,Lawson_6d37f
Michael Martinez,Michael_Martinez@hogan.net,19521107,40271975,True,Michael,Martinez,Martinez_bc0fc
Paul Jones,Paul_Jones@clark-irwin.com,19940215,91301999,True,Paul,Jones,Jones_f903f
Danielle Tran,Danielle_Tran@mann.com,19880826,85246679,True,Danielle,Tran,Tran_40aaa
Jeff Freeman,Jeff_Freeman@guzman.com,20030520,13590655,True,Jeff,Freeman,Freeman_35a3d
Marissa Jones,Marissa_Jones@lewis.net,19580806,32094119,True,Marissa,Jones,Jones_cdd9f
Elijah Roy,Elijah_Roy@jones-baldwin.com,19870705,57159015,True,Elijah,Roy,Roy_57ef7
Courtney Simpson,Courtney_Simpson@preston-cantrell.com,19731103,77314887,True,Courtney,Simpson,Simpson_7383f
Kimberly Hopkins,Kimberly_Hopkins@adams.com,19931022,67364511,True,Kimberly,Hopkins,Hopkins_56d12
William King,William_King@cline-allen.com,19841115,21561215,True,William,King,King_4ae33
Stephanie Robertson,Stephanie_Robertson@owen-rodriguez.com,20020508,75259367,True,Stephanie,Robertson,Robertson_e101e
Rickey Hill,Rickey_Hill@parker-cohen.com,19640430,56465207,True,Rickey,Hill,Hill_bd6cc
Erika Stewart,Erika_Stewart@solis.com,19851226,83552695,True,Erika,Stewart,Stewart_40f40
Christina Johnson,Christina_Johnson@clark.com,20010622,30262983,True,Christina,Johnson,Johnson_5dcd5
Kelli Wells,Kelli_Wells@jones.com,19540308,27406215,True,Kelli,Wells,Wells_5c2c0
Nathan Archer,Nathan_Archer@gray.com,19560723,72954367,True,Nathan,Archer,Archer_c6232
Michael Kline,Michael_Kline@phelps-alvarez.com,19650623,20968343,True,Michael,Kline,Kline_6fe75
Joshua Rodriguez,Joshua_Rodriguez@thornton-benitez.com,19530317,27953967,True,Joshua,Rodriguez,Rodriguez_1eec6
James Rodriguez,James_Rodriguez@logan.com,19810717,50981423,True,James,Rodriguez,Rodriguez_a7ea3
Robert Ortega,Robert_Ortega@perez.com,19600316,57040695,True,Robert,Ortega,Ortega_7f647
Teresa Ruiz,Teresa_Ruiz@holmes.com,19510904,22432447,True,Teresa,Ruiz,Ruiz_e89df
Madison Mejia,Madison_Mejia@sims.com,19530323,73824679,True,Madison,Mejia,Mejia_10b0a
James Bailey,James_Bailey@flynn.net,19860710,26146743,True,James,Bailey,Bailey_6dd20
Mary Perry,Mary_Perry@williams.net,19730808,57879711,True,Mary,Perry,Perry_e8625
Crystal Jones,Crystal_Jones@webb.com,19620914,39588047,True,Crystal,Jones,Jones_85733
Aaron Brown,Aaron_Brown@yates.com,19860502,43815191,True,Aaron,Brown,Brown_9035e
Tanya Barajas,Tanya_Barajas@davis.com,19740430,92793871,True,Tanya,Barajas,Barajas_c09f8
Samantha Rasmussen,Samantha_Rasmussen@stokes-leon.com,19940621,26634223,True,Samantha,Rasmussen,Rasmussen_0fcc4
Vincent Martin,Vincent_Martin@wright-lee.com,19840124,55457087,True,Vincent,Martin,Martin_92713
Tony Crawford,Tony_Crawford@moore.com,19870818,15997263,True,Tony,Crawford,Crawford_a2a35
Randy Sullivan,Randy_Sullivan@perez.net,19611025,15665967,True,Randy,Sullivan,Sullivan_7d828
Kimberly Thompson,Kimberly_Thompson@brewer-walters.net,20001112,88531623,True,Kimberly,Thompson,Thompson_5e06b
Martin Compton,Martin_Compton@morgan.com,19840602,42037887,True,Martin,Compton,Compton_395a9
Tracy Brown,Tracy_Brown@joyce.com,19720823,26044711,True,Tracy,Brown,Brown_8baf8
Leslie Preston,Leslie_Preston@johns.com,19721005,71892959,True,Leslie,Preston,Preston_b78bc
Jay Parker,Jay_Parker@fowler.net,19930930,57583783,True,Jay,Parker,Parker_311d6
Lance Williams,Lance_Williams@williams.net,19730807,19310567,True,Lance,Williams,Williams_44d67
Kathleen Allen,Kathleen_Allen@cook.com,19860113,38829559,True,Kathleen,Allen,Allen_b02ca
Marie Lamb,Marie_Lamb@hampton.com,19790410,26841263,True,Marie,Lamb,Lamb_5dc6d
Nathan Flores,Nathan_Flores@gibbs.net,19790904,86883135,True,Nathan,Flores,Flores_b1169
Ashley Caldwell,Ashley_Caldwell@mason-bryant.com,19880903,13420663,True,Ashley,Caldwell,Caldwell_aa013
Renee Martin,Renee_Martin@crawford-walker.com,19810421,55803823,True,Renee,Martin,Martin_caab2
Keith Parker,Keith_Parker@moore.com,19640826,40120471,True,Keith,Parker,Parker_0793e
Melissa Levy,Melissa_Levy@arroyo.com,19500330,51842935,True,Melissa,Levy,Levy_bef91
Brandon Powell,Brandon_Powell@craig-gonzales.net,19760606,43375815,True,Brandon,Powell,Powell_fe4b6
Kimberly Stone,Kimberly_Stone@murphy-bryant.com,19940512,25323999,True,Kimberly,Stone,Stone_1d9aa
Adam Jones,Adam_Jones@ashley.com,19730316,55082935,True,Adam,Jones,Jones_575ba
Elizabeth Andersen,Elizabeth_Andersen@baker.com,19740123,69096535,True,Elizabeth,Andersen,Andersen_61066
Destiny Lutz,Destiny_Lutz@thompson-wright.com,19941204,87853607,True,Destiny,Lutz,Lutz_6aa1c
Brandy Allen,Brandy_Allen@hardy-griffin.com,19810113,92130799,True,Brandy,Allen,Allen_54dd1
Stephanie Decker,Stephanie_Decker@barrett.net,19770905,92626639,True,Stephanie,Decker,Decker_0c2ca
Michelle Keller,Michelle_Keller@johnson.com,19510706,56139711,True,Michelle,Keller,Keller_86f7a
Stacey Yates,Stacey_Yates@lewis.com,19920812,30115967,True,Stacey,Yates,Yates_d9866
Sue Lee,Sue_Lee@rojas.com,19860829,97367575,True,Sue,Lee,Lee_f9df7
Anna Long,Anna_Long@coleman.com,19740316,52566967,True,Anna,Long,Long_850ab
Annette Watson,Annette_Watson@brown-brennan.com,19580423,67851175,True,Annette,Watson,Watson_6dc0c
James Thomas,James_Thomas@torres.net,19520509,58718239,True,James,Thomas,Thomas_6cc50
Kelli Olson,Kelli_Olson@campbell.net,19960723,50265023,True,Kelli,Olson,Olson_50aa7
Becky Reid,Becky_Reid@vargas.net,19751027,37025287,True,Becky,Reid,Reid_1bdd4
Wesley Shaw,Wesley_Shaw@henderson-gibson.com,19830121,76819471,True,Wesley,Shaw,Shaw_afe1c
Pamela Boyd,Pamela_Boyd@freeman.com,19680628,25030751,True,Pamela,Boyd,Boyd_94bd7
Jeremy Lewis,Jeremy_Lewis@murray.com,19530107,44159519,True,Jeremy,Lewis,Lewis_644d9
Jennifer Garza,Jennifer_Garza@herrera-klein.com,19890603,31999455,True,Jennifer,Garza,Garza_be6d1
Joseph Perry,Joseph_Perry@tucker.com,19510616,16254071,True,Joseph,Perry,Perry_b530f
Heather Herman,Heather_Herman@williams-lindsey.com,19710606,97877423,True,Heather,Herman,Herman_0ab62
Laura Lopez,Laura_Lopez@rodriguez.com,19901221,72627367,True,Laura,Lopez,Lopez_ea347
Reginald Barnes,Reginald_Barnes@walker-robinson.com,19730214,19884399,True,Reginald,Barnes,Barnes_f462c
Robert Weaver,Robert_Weaver@young-leonard.com,19820218,39131199,True,Robert,Weaver,Weaver_201e1
Beth Martinez,Beth_Martinez@johnson.com,19681225,87909191,True,Beth,Martinez,Martinez_204f4
Spencer Ware,Spencer_Ware@montgomery-lane.com,19801009,74599951,True,Spencer,Ware,Ware_0b5e6
Willie Erickson,Willie_Erickson@bartlett.com,19910110,53673855,True,Willie,Erickson,Erickson_3df9d
Daniel Nguyen,Daniel_Nguyen@mccall.com,19590903,37673823,True,Daniel,Nguyen,Nguyen_6a5e7
Leonard Martinez,Leonard_Martinez@mcbride.com,19560922,14452319,True,Leonard,Martinez,Martinez_7564a
Robert Stephens,Robert_Stephens@lopez.com,20000619,92784815,True,Robert,Stephens,Stephens_5a6e3
Daniel Chen,Daniel_Chen@little.com,19520716,46750383,True,Daniel,Chen,Chen_7d3b1
Samuel Dalton,Samuel_Dalton@marquez.com,19960916,75194711,True,Samuel,Dalton,Dalton_32ce4
Heather Bennett,Heather_Bennett@hamilton-blair.com,20020105,64795847,True,Heather,Bennett,Bennett_dcbc8
Joshua King,Joshua_King@hale.net,20000601,99342223,True,Joshua,King,King_f3369
Crystal Blake,Crystal_Blake@parker.com,19701117,97878511,True,Crystal,Blake,Blake_e7660
Amanda Evans,Amanda_Evans@cox.com,19590224,92559519,True,Amanda,Evans,Evans_62a52
Sergio Day,Sergio_Day@guzman-garrett.com,19510531,27091295,True,Sergio,Day,Day_69b70
Julie Boyd,Julie_Boyd@white-george.com,19690906,47949079,True,Julie,Boyd,Boyd_9e514
Logan Watkins,Logan_Watkins@hernandez.com,20000511,87081215,True,Logan,Watkins,Watkins_c9964
Steven Ortiz,Steven_Ortiz@hamilton.com,19670506,15073183,True,Steven,Ortiz,Ortiz_8f14e
Lisa Marquez,Lisa_Marquez@day-smith.com,19710326,18443671,True,Lisa,Marquez,Marquez_7aa36
Jennifer Martin,Jennifer_Martin@moore.com,19830527,83212175,True,Jennifer,Martin,Martin_82381
Arthur Chandler,Arthur_Chandler@martin.com,19610210,18438007,True,Arthur,Chandler,Chandler_4ab75
Ronald Hudson,Ronald_Hudson@carson.com,19510310,66192423,True,Ronald,Hudson,Hudson_31f1d
Jennifer Lee,Jennifer_Lee@guerra-lopez.com,19500401,35305031,True,Jennifer,Lee,Lee_f2321
Gregory Yoder,Gregory_Yoder@robinson-johnson.com,19530620,75705319,True,Gregory,Yoder,Yoder_70108
Carolyn Harmon,Carolyn_Harmon@watts-horn.com,19980124,55977599,True,Carolyn,Harmon,Harmon_69598
Christopher Harrell,Christopher_Harrell@lindsey.com,19700630,52999479,True,Christopher,Harrell,Harrell_7257b
Kevin Johnson,Kevin_Johnson@rogers.com,19930802,15154639,True,Kevin,Johnson,Johnson_a67f3
Michael Harrison,Michael_Harrison@franklin.com,19510819,29087871,True,Michael,Harrison,Harrison_087c8
Terry Moore,Terry_Moore@barker-ayers.com,19870615,19828167,True,Terry,Moore,Moore_c62aa
James Rogers,James_Rogers@green.net,19930704,65821255,True,James,Rogers,Rogers_656af
Kathleen Tran,Kathleen_Tran@wilson.net,19740211,20044927,True,Kathleen,Tran,Tran_b0eca
Jacqueline Conway,Jacqueline_Conway@robinson-carson.com,19710617,91842383,True,Jacqueline,Conway,Conway_ae427
Maxwell Cole,Maxwell_Cole@larson.com,19510203,41796463,True,Maxwell,Cole,Cole_92aa4
Bethany Williamson,Bethany_Williamson@flores.com,19540310,40227935,True,Bethany,Williamson,Williamson_2b72a
Joseph Wright,Joseph_Wright@powell.net,19570521,40768583,True,Joseph,Wright,Wright_f1b73
Heidi Bolton,Heidi_Bolton@spencer.com,19560616,58079023,True,Heidi,Bolton,Bolton_06e0a
Daniel Lewis,Daniel_Lewis@robertson.com,19770205,48084439,True,Daniel,Lewis,Lewis_e0082
Dale Ramirez,Dale_Ramirez@patton.com,19550323,59875791,True,Dale,Ramirez,Ramirez_63293
Carol Sharp,Carol_Sharp@garcia-lamb.com,19751203,18014567,True,Carol,Sharp,Sharp_19bdd
Joseph Buck,Joseph_Buck@jacobs.com,19520311,34270063,True,Joseph,Buck,Buck_542b9
Lynn Anderson,Lynn_Anderson@williams-carter.com,19960113,75488911,True,Lynn,Anderson,Anderson_542fb
Sarah Harris,Sarah_Harris@thomas-sanchez.com,20010530,52442775,True,Sarah,Harris,Harris_526ca
Victor Owens,Victor_Owens@collins.com,19960815,53064383,True,Victor,Owens,Owens_620f1
Kimberly Koch,Kimberly_Koch@rodriguez.net,19870125,35893839,True,Kimberly,Koch,Koch_43971
Allison Obrien,Allison_Obrien@bailey-sanders.com,19620423,81154631,True,Allison,Obrien,Obrien_00e34
John Rogers,John_Rogers@oneill.com,19710509,21046575,True,John,Rogers,Rogers_83dc9
Janet Collins,Janet_Collins@farrell.com,19840721,89424095,True,Janet,Collins,Collins_120bd
Kristin Lawson,Kristin_Lawson@salinas.com,19761101,36661711,True,Kristin,Lawson,Lawson_a0aec
James Castaneda,James_Castaneda@miller-hart.com,19640126,64715807,True,James,Castaneda,Castaneda_7660a
Robert Ortiz,Robert_Ortiz@saunders-hunter.com,19761108,80296223,True,Robert,Ortiz,Ortiz_66abd
Connie Harper,Connie_Harper@lewis.com,19950627,21369119,True,Connie,Harper,Harper_709ac
Debbie Burns,Debbie_Burns@salinas.com,19830806,95570935,True,Debbie,Burns,Burns_f2b3a
Gabriel Preston,Gabriel_Preston@black.com,19961120,88336263,True,Gabriel,Preston,Preston_b6298
Brandon Orozco,Brandon_Orozco@greene.com,19870717,59988495,True,Brandon,Orozco,Orozco_02d2b
Kari Nguyen,Kari_Nguyen@farley.com,19991119,47980591,True,Kari,Nguyen,Nguyen_6f546
Brittany Hill,Brittany_Hill@rogers-hoffman.com,19870605,90817791,True,Brittany,Hill,Hill_2c87a
Carrie Martinez,Carrie_Martinez@hendrix.com,19740124,96107743,True,Carrie,Martinez,Martinez_a7c33
Linda White,Linda_White@moore.com,19751015,84876711,True,Linda,White,White_e9960
Jake Spencer,Jake_Spencer@murphy.com,20020509,53533879,True,Jake,Spencer,Spencer_c21d7
Joseph Chan,Joseph_Chan@hutchinson-gutierrez.com,19660922,19544079,True,Joseph,Chan,Chan_f9d1e
Kathleen Ali,Kathleen_Ali@horn-rogers.com,19960602,45338687,True,Kathleen,Ali,Ali_a2746
Danielle Stephens,Danielle_Stephens@miller.net,19610929,16838823,True,Danielle,Stephens,Stephens_baaae
Brianna Schaefer,Brianna_Schaefer@nelson-mcmahon.com,19760312,34700887,True,Brianna,Schaefer,Schaefer_ff120
Angela Morris,Angela_Morris@murray.com,19760207,89409391,True,Angela,Morris,Morris_d143a
Jessica Smith,Jessica_Smith@walsh-steele.com,19510531,97984639,True,Jessica,Smith,Smith_69b70
Brenda Long,Brenda_Long@carter.net,19510914,45992583,True,Brenda,Long,Long_f0fca
Megan Taylor,Megan_Taylor@montgomery.com,19931005,12610975,True,Megan,Taylor,Taylor_7a3e1
Kelly Morales,Kelly_Morales@sanchez.com,19800227,44799815,True,Kelly,Morales,Morales_3cabc
Sheri Johnson,Sheri_Johnson@lucas.com,19880422,34118127,True,Sheri,Johnson,Johnson_5c594
Lori Pacheco,Lori_Pacheco@ayala.com,19620630,94662495,True,Lori,Pacheco,Pacheco_7ccf5
Sandra Schmidt,Sandra_Schmidt@herrera.com,19590711,50638143,True,Sandra,Schmidt,Schmidt_be25c
Rachel Hill,Rachel_Hill@gutierrez.com,19540212,55824367,True,Rachel,Hill,Hill_bc827
Emily Case,Emily_Case@lewis.com,19850508,90216215,True,Emily,Case,Case_1fe51
Seth Alvarez,Seth_Alvarez@conrad.com,19800801,90929927,True,Seth,Alvarez,Alvarez_f00bd
Jose Reyes,Jose_Reyes@garcia.com,19700929,94563263,True,Jose,Reyes,Reyes_0a636
Zachary Le,Zachary_Le@whitaker.com,19851028,56441999,True,Zachary,Le,Le_44e84
Rhonda Anthony,Rhonda_Anthony@lawson.com,19740915,12850551,True,Rhonda,Anthony,Anthony_91ec3
Joseph Hill,Joseph_Hill@rodriguez-newton.com,20020923,89902687,True,Joseph,Hill,Hill_0d4d9
Erin Davis,Erin_Davis@sanchez.net,19600917,22992863,True,Erin,Davis,Davis_dbcb2
Lucas Brown,Lucas_Brown@miller.com,19891101,34675679,True,Lucas,Brown,Brown_1ebf8
William Garcia,William_Garcia@powell.com,19850912,25729991,True,William,Garcia,Garcia_72e9b
Lauren Swanson,Lauren_Swanson@pena-pierce.com,19610921,85204407,True,Lauren,Swanson,Swanson_b3ea5
John Frank,John_Frank@martin.com,19500519,42691023,True,John,Frank,Frank_4dfb9
Nicole Schmidt,Nicole_Schmidt@stephens.com,19651109,86157423,True,Nicole,Schmidt,Schmidt_54bf2
Nathan Gray,Nathan_Gray@scott-gonzalez.com,19960618,48983767,True,Nathan,Gray,Gray_15cd6
Nichole Delgado,Nichole_Delgado@dixon-cruz.com,19720305,60338223,True,Nichole,Delgado,Delgado_f68ba
Marcus Rodriguez,Marcus_Rodriguez@jones.com,19690511,23424599,True,Marcus,Rodriguez,Rodriguez_3a35b
Samuel Solomon,Samuel_Solomon@wolf.net,19871230,26166751,True,Samuel,Solomon,Solomon_23bae
Katrina Miller,Katrina_Miller@grimes.com,19540308,81240247,True,Katrina,Miller,Miller_5c2c0
Raymond Conner,Raymond_Conner@oneal-johnson.com,19970128,95736583,True,Raymond,Conner,Conner_71970
Lori Fuller,Lori_Fuller@gordon.com,19680101,54288255,True,Lori,Fuller,Fuller_9068b
Corey Wilson,Corey_Wilson@hoover-hernandez.com,19531011,39467535,True,Corey,Wilson,Wilson_da57e
Holly James,Holly_James@macdonald.com,19641104,62732175,True,Holly,James,James_e7a3a
Alicia Mccarty,Alicia_Mccarty@beasley.com,19820916,57669519,True,Alicia,Mccarty,Mccarty_a4b9d
Zoe Christian,Zoe_Christian@grant.com,19990319,22170983,True,Zoe,Christian,Christian_90eb3
Nicholas Watson,Nicholas_Watson@williams.com,19620403,72181751,True,Nicholas,Watson,Watson_61db6
Victoria Wood,Victoria_Wood@proctor-baker.com,19910622,13955959,True,Victoria,Wood,Wood_67f27
Jillian Knight,Jillian_Knight@davenport.com,19881108,20417711,True,Jillian,Knight,Knight_10192
Ryan Fisher,Ryan_Fisher@fletcher.com,19871030,63505855,True,Ryan,Fisher,Fisher_27703
Stephanie Howe,Stephanie_Howe@allen.com,19630509,37283343,True,Stephanie,Howe,Howe_80a05
Kenneth Kim,Kenneth_Kim@duran.com,19990505,37818767,True,Kenneth,Kim,Kim_c0e4a
Andrew Macias,Andrew_Macias@douglas.com,19661013,28232535,True,Andrew,Macias,Macias_a4116
Elizabeth Huffman,Elizabeth_Huffman@zamora.com,19580918,15486151,True,Elizabeth,Huffman,Huffman_fb25a
Christina Stone,Christina_Stone@medina.com,19930320,34449775,True,Christina,Stone,Stone_9ab9f
Alexander Merritt,Alexander_Merritt@butler.net,19800913,33574735,True,Alexander,Merritt,Merritt_696fd
Kelly Sanders,Kelly_Sanders@coleman.com,19520413,29703695,True,Kelly,Sanders,Sanders_e9c2f
Matthew Jones,Matthew_Jones@arnold.com,20000615,98616991,True,Matthew,Jones,Jones_fae51
Sarah David,Sarah_David@collier.net,19981216,97218247,True,Sarah,David,David_39e9f
Carmen Barajas,Carmen_Barajas@smith.com,19810526,34685455,True,Carmen,Barajas,Barajas_62836
Angela Johnson,Angela_Johnson@stewart.com,19840827,62439103,True,Angela,Johnson,Johnson_5dcba
Melissa Sparks,Melissa_Sparks@sanchez-stevenson.com,19930802,27530863,True,Melissa,Sparks,Sparks_a67f3
Katherine Hill,Katherine_Hill@tran.com,19830918,37709951,True,Katherine,Hill,Hill_e971e
Kristin Hart,Kristin_Hart@ortega.com,19661217,36255543,True,Kristin,Hart,Hart_3b264
Jacqueline Ho,Jacqueline_Ho@henry.com,19610131,75359367,True,Jacqueline,Ho,Ho_73551
Michael Knight,Michael_Knight@davidson.com,19870804,71412263,True,Michael,Knight,Knight_d46f2
Heather Arroyo,Heather_Arroyo@martinez.com,19790709,36165719,True,Heather,Arroyo,Arroyo_44022
Lori Larson,Lori_Larson@flowers.com,19630807,38397103,True,Lori,Larson,Larson_06714
David Vazquez,David_Vazquez@davila-beck.com,19901206,57160871,True,David,Vazquez,Vazquez_73e4f
Sherry Hicks,Sherry_Hicks@stout-nicholson.com,19611127,12514111,True,Sherry,Hicks,Hicks_5e5f2
Sarah Davila,Sarah_Davila@nash.com,19790906,46685303,True,Sarah,Davila,Davila_1977b
Karen Oneill,Karen_Oneill@gomez.com,19921004,72265879,True,Karen,Oneill,Oneill_7278c
Nicholas Mills,Nicholas_Mills@williams.com,19631001,68844231,True,Nicholas,Mills,Mills_f511a
Jennifer Montgomery,Jennifer_Montgomery@estrada-cole.com,19710715,53834071,True,Jennifer,Montgomery,Montgomery_1a334
Cynthia Bailey,Cynthia_Bailey@oneill.com,19790825,48942719,True,Cynthia,Bailey,Bailey_13beb
John Wright,John_Wright@harris.com,19831019,96650335,True,John,Wright,Wright_fefcf
Sheila Brown,Sheila_Brown@stevens-edwards.com,19821128,32490999,True,Sheila,Brown,Brown_565a7
Lisa Moore,Lisa_Moore@ramos.com,19941119,99493567,True,Lisa,Moore,Moore_a6529
Julian Newman,Julian_Newman@haynes.com,19580313,49873159,True,Julian,Newman,Newman_15a27
Thomas Ferguson,Thomas_Ferguson@guzman.com,19591213,28787319,True,Thomas,Ferguson,Ferguson_fb458
Lauren Rodriguez,Lauren_Rodriguez@soto.com,19931016,27106623,True,Lauren,Rodriguez,Rodriguez_a9b99
Richard Anderson,Richard_Anderson@white.com,19580706,66751511,True,Richard,Anderson,Anderson_76323
Jessica Lee,Jessica_Lee@brown-baxter.com,19670124,89410823,True,Jessica,Lee,Lee_7f12f
Martin Allen,Martin_Allen@steele.com,20020924,99969439,True,Martin,Allen,Allen_7a4f2
Angela Mitchell,Angela_Mitchell@moreno-evans.com,19690105,50190223,True,Angela,Mitchell,Mitchell_06d3f
Derrick Sanchez,Derrick_Sanchez@mitchell.com,19700424,97980535,True,Derrick,Sanchez,Sanchez_9f266
Christine Ellis,Christine_Ellis@blackwell.com,19980617,69393823,True,Christine,Ellis,Ellis_b9ff0
Alyssa Salinas,Alyssa_Salinas@robbins.com,19981007,41363847,True,Alyssa,Salinas,Salinas_4cb46
Kevin Walsh,Kevin_Walsh@hamilton.net,19920805,63251375,True,Kevin,Walsh,Walsh_8cd29
Kenneth Knox,Kenneth_Knox@zamora.com,19990626,47904991,True,Kenneth,Knox,Knox_d64ed
Steve Mitchell,Steve_Mitchell@adkins-russell.com,19751027,98789479,True,Steve,Mitchell,Mitchell_1bdd4
Craig Hendricks,Craig_Hendricks@garcia-higgins.com,19951018,51721063,True,Craig,Hendricks,Hendricks_a352c
Ricky Kerr,Ricky_Kerr@gonzalez-martinez.com,19510625,43238807,True,Ricky,Kerr,Kerr_a02d8
Gloria Aguilar,Gloria_Aguilar@dorsey-donaldson.com,19690606,69773231,True,Gloria,Aguilar,Aguilar_d3661
Alexander Knight,Alexander_Knight@doyle.com,19740812,41639975,True,Alexander,Knight,Knight_7e064
Joseph Cross,Joseph_Cross@mason-shaw.net,19530126,35750023,True,Joseph,Cross,Cross_36c08
Joel Myers,Joel_Myers@smith-willis.net,19720920,49665991,True,Joel,Myers,Myers_1466d
Michael Mckee,Michael_Mckee@gordon.com,20000917,87409327,True,Michael,Mckee,Mckee_92c0e
Roy Park,Roy_Park@rodriguez-west.com,19551029,69451423,True,Roy,Park,Park_a639e
Jonathan Castro,Jonathan_Castro@sandoval.com,19700409,95059239,True,Jonathan,Castro,Castro_49d90
Richard Carroll,Richard_Carroll@massey-gardner.com,19610526,61422551,True,Richard,Carroll,Carroll_78391
Michelle Fletcher,Michelle_Fletcher@anderson.com,19831024,15665159,True,Michelle,Fletcher,Fletcher_e6fff
Carol Murphy,Carol_Murphy@lowe.com,19640317,54241135,True,Carol,Murphy,Murphy_ecd95
Michael Russell,Michael_Russell@orozco.com,19680308,24280095,True,Michael,Russell,Russell_203e4
Shawna Andrews,Shawna_Andrews@freeman.com,19981115,12022295,True,Shawna,Andrews,Andrews_776f9
Dana Hernandez,Dana_Hernandez@jackson.com,19940126,50236391,True,Dana,Hernandez,Hernandez_3d7b1
Lauren Harris,Lauren_Harris@long.com,19780811,42605007,True,Lauren,Harris,Harris_e20bd
Sean Morales,Sean_Morales@molina.com,20030920,50605207,True,Sean,Morales,Morales_867f3
John Mendoza,John_Mendoza@mahoney.com,19850519,85845135,True,John,Mendoza,Mendoza_fa60d
Sierra Mcdaniel,Sierra_Mcdaniel@mata.com,20030713,77274903,True,Sierra,Mcdaniel,Mcdaniel_4de3f
Wendy Smith,Wendy_Smith@smith-webb.com,19700128,60349279,True,Wendy,Smith,Smith_85c0b
Leslie Diaz,Leslie_Diaz@thomas-shelton.com,19570430,57506727,True,Leslie,Diaz,Diaz_0bd1d
Grant Snyder,Grant_Snyder@gonzales.com,19731031,23872143,True,Grant,Snyder,Snyder_d3f05
Brandi Jenkins,Brandi_Jenkins@miller.com,19651228,79308567,True,Brandi,Jenkins,Jenkins_27fe6
Amy Haynes,Amy_Haynes@levy.com,19600314,41563455,True,Amy,Haynes,Haynes_18bc2
John Roberts,John_Roberts@hendricks.com,19540315,16513279,True,John,Roberts,Roberts_d606a
Carrie Nelson,Carrie_Nelson@archer-murphy.com,19510609,49242255,True,Carrie,Nelson,Nelson_fde1d
Jacob Hood,Jacob_Hood@evans.com,19560208,24204143,True,Jacob,Hood,Hood_bb6b9
Tracy Charles,Tracy_Charles@rowe.com,19931108,62200511,True,Tracy,Charles,Charles_02485
Brandon Johnson,Brandon_Johnson@ramirez.com,19850310,60862935,True,Brandon,Johnson,Johnson_56e3d
Wendy Nelson,Wendy_Nelson@day.com,19650108,59119063,True,Wendy,Nelson,Nelson_f7fc3
Jasmine Ramsey,Jasmine_Ramsey@jackson.com,19500407,16447279,True,Jasmine,Ramsey,Ramsey_843ef
William Beltran,William_Beltran@bean.com,19850313,16495975,True,William,Beltran,Beltran_b42ac
Gerald Stuart,Gerald_Stuart@strong.net,19951008,98421991,True,Gerald,Stuart,Stuart_08df4
Jacob Vaughan,Jacob_Vaughan@martinez.com,19830908,69615007,True,Jacob,Vaughan,Vaughan_40056
Matthew Fuentes,Matthew_Fuentes@miranda.com,19660329,33411447,True,Matthew,Fuentes,Fuentes_0598c
April Carpenter,April_Carpenter@page.com,19710929,97274415,True,April,Carpenter,Carpenter_4acee
Rachel Garcia,Rachel_Garcia@neal.com,19961021,87786127,True,Rachel,Garcia,Garcia_d383b
Patrick Madden,Patrick_Madden@sanders.com,19941101,35389647,True,Patrick,Madden,Madden_d8100
Angela Myers,Angela_Myers@rodriguez.com,19740126,59457063,True,Angela,Myers,Myers_96365
Wayne Baker,Wayne_Baker@brown.com,19671227,92067207,True,Wayne,Baker,Baker_726e6
Haley Cox,Haley_Cox@lewis.com,19641001,27911351,True,Haley,Cox,Cox_c2d50
Dan Sanders,Dan_Sanders@klein-hernandez.com,19500813,30043759,True,Dan,Sanders,Sanders_65a5d
Thomas Fisher,Thomas_Fisher@phillips.com,19850415,99090999,True,Thomas,Fisher,Fisher_cd40a
Taylor Lopez,Taylor_Lopez@jones-salazar.com,19570522,17889439,True,Taylor,Lopez,Lopez_d2a7d
Jeffrey Macias,Jeffrey_Macias@cox.com,19901003,98485783,True,Jeffrey,Macias,Macias_b438f
Brian Drake,Brian_Drake@hurst-price.net,19620211,83466007,True,Brian,Drake,Drake_a32f0
Timothy Jordan,Timothy_Jordan@young.com,19991228,77411263,True,Timothy,Jordan,Jordan_26d57
Kathy Leblanc,Kathy_Leblanc@warren-gray.com,19810227,69067343,True,Kathy,Leblanc,Leblanc_25e89
William Floyd,William_Floyd@duran.com,19720713,27758191,True,William,Floyd,Floyd_ee7c0
Angela Hayden,Angela_Hayden@barry.net,19960623,28574351,True,Angela,Hayden,Hayden_44dbe
Renee Hodges,Renee_Hodges@hamilton.com,19871228,63899519,True,Renee,Hodges,Hodges_c3205
Samantha Miller,Samantha_Miller@mcmahon.com,19650406,41451647,True,Samantha,Miller,Miller_b1a7b
Lauren Orozco,Lauren_Orozco@sanchez.com,20000126,71540231,True,Lauren,Orozco,Orozco_32e5d
April Owen,April_Owen@sanchez.com,19670923,16552967,True,April,Owen,Owen_1c1c8
Evan Russell,Evan_Russell@ferguson.net,19590120,75209343,True,Evan,Russell,Russell_eeae9
Brent Castaneda,Brent_Castaneda@garcia.com,19580307,80875871,True,Brent,Castaneda,Castaneda_1e9a5
Gregory Peters,Gregory_Peters@ray.net,19900902,78256247,True,Gregory,Peters,Peters_62c2d
Matthew Salazar,Matthew_Salazar@jones-jones.com,19991211,50895327,True,Matthew,Salazar,Salazar_8a391
Natasha Martinez,Natasha_Martinez@west.com,19680418,55194439,True,Natasha,Martinez,Martinez_fa7cb
Charles Powell,Charles_Powell@knight.com,19970906,47215879,True,Charles,Powell,Powell_89e26
Brian Powell,Brian_Powell@hernandez.com,19591115,67153775,True,Brian,Powell,Powell_c3379
Laura Sandoval,Laura_Sandoval@brown.com,19860913,17475623,True,Laura,Sandoval,Sandoval_6592d
Charles Gonzalez,Charles_Gonzalez@navarro.com,19710404,94465511,True,Charles,Gonzalez,Gonzalez_bc4a4
Nicholas Caldwell,Nicholas_Caldwell@hurley-bass.com,19770714,42525999,True,Nicholas,Caldwell,Caldwell_92d76
Brian Wyatt,Brian_Wyatt@wright-young.com,19581211,63631399,True,Brian,Wyatt,Wyatt_ac546
Ryan Garcia,Ryan_Garcia@vazquez-wells.com,19930815,26856535,True,Ryan,Garcia,Garcia_a540e
Megan Anderson,Megan_Anderson@wilson-murillo.com,19700729,21736903,True,Megan,Anderson,Anderson_a86c0
Pamela Hughes,Pamela_Hughes@charles-costa.com,19870613,40181295,True,Pamela,Hughes,Hughes_5403f
Tiffany Scott,Tiffany_Scott@davis.com,19861110,76272207,True,Tiffany,Scott,Scott_af31d
Stanley Conway,Stanley_Conway@adams.com,19850905,71853567,True,Stanley,Conway,Conway_b17c3
Yolanda Petty,Yolanda_Petty@dunlap-brown.com,19910125,69674519,True,Yolanda,Petty,Petty_89b4f
Tara Jones,Tara_Jones@blankenship.net,19850303,49275455,True,Tara,Jones,Jones_7290c
George Williams,George_Williams@patton.com,19810319,69991287,True,George,Williams,Williams_c20d3
Lori Allen,Lori_Allen@valdez-phillips.com,20020916,28175727,True,Lori,Allen,Allen_8c000
Charles Kelly,Charles_Kelly@dalton.com,19690401,62777351,True,Charles,Kelly,Kelly_0c61d
Jonathan Villa,Jonathan_Villa@suarez.com,19751203,80471287,True,Jonathan,Villa,Villa_19bdd
Cindy Jackson,Cindy_Jackson@garcia-burch.com,19670727,60954247,True,Cindy,Jackson,Jackson_40b1b
Scott Williams,Scott_Williams@keller-wong.com,19800803,85799255,True,Scott,Williams,Williams_09feb
Dylan Hernandez,Dylan_Hernandez@singleton-johnson.com,19950301,31405951,True,Dylan,Hernandez,Hernandez_04544
Michelle Garcia,Michelle_Garcia@lynch.com,19801017,52895823,True,Michelle,Garcia,Garcia_6967c
Matthew Bailey,Matthew_Bailey@benjamin.com,19870728,39436023,True,Matthew,Bailey,Bailey_255ab
Curtis Flynn,Curtis_Flynn@cook-drake.com,19780926,58787463,True,Curtis,Flynn,Flynn_066c3
Thomas Perez,Thomas_Perez@greene-lopez.com,19630220,96377439,True,Thomas,Perez,Perez_7a5c3
Sheri Kline,Sheri_Kline@hinton.com,19940609,33546343,True,Sheri,Kline,Kline_e724e
Jeff Baker,Jeff_Baker@bentley.com,19670424,57871767,True,Jeff,Baker,Baker_4cd37
Shannon Thomas,Shannon_Thomas@dawson-alexander.com,19680903,18892279,True,Shannon,Thomas,Thomas_2a3b9
Jeffrey Murray,Jeffrey_Murray@jones.net,19821221,27473887,True,Jeffrey,Murray,Murray_8d3f7
Kristin Wagner,Kristin_Wagner@clayton.com,19970129,66045343,True,Kristin,Wagner,Wagner_83f4e
Nicole Shea,Nicole_Shea@mcclure.com,19560102,28795599,True,Nicole,Shea,Shea_abeb3
